{
  "status": "completed",
  "message": "CloudFormation stack status: CREATE_COMPLETE",
  "stackName": "full-stack-hypd-instrt-0801-a3",
  "stackStatus": "CREATE_COMPLETE",
  "details": {
    "creationTime": "2025-08-22T07:43:43.873000+00:00",
    "outputs": [
      {
        "OutputKey": "SageMakerIAMRoleArn",
        "OutputValue": "arn:aws:iam::633205212955:role/eks-cluster-hypd-instrt-0801-a3-SMHP-Exec-Role-us-west-2"
      },
      {
        "OutputKey": "VpcId",
        "OutputValue": "vpc-077e8a12513459083"
      },
      {
        "OutputKey": "EKSClusterArn",
        "OutputValue": "arn:aws:eks:us-west-2:633205212955:cluster/eks-cluster-hypd-instrt-0801-a3"
      },
      {
        "OutputKey": "HyperPodClusterArn",
        "OutputValue": "arn:aws:sagemaker:us-west-2:633205212955:cluster/bnx7f4zpukgc"
      },
      {
        "OutputKey": "EKSClusterName",
        "OutputValue": "eks-cluster-hypd-instrt-0801-a3"
      },
      {
        "OutputKey": "SecurityGroupId",
        "OutputValue": "sg-0eead9ad02cbe12f6"
      },
      {
        "OutputKey": "S3BucketName",
        "OutputValue": "eks-cluster-hypd-instrt-0801-a3-bucket-633205212955-us-west-2"
      },
      {
        "OutputKey": "PrivateSubnetId",
        "OutputValue": "subnet-05d0f4326cdcd089d"
      },
      {
        "OutputKey": "HyperPodClusterName",
        "OutputValue": "hp-cluster-hypd-instrt-0801-a3"
      }
    ]
  }
}